Date,Asset1,Asset2,Spread,ZScore
2020-05-26,63.970001220703125,42.16999816894531,2.324355450656121,-0.633931921537883
2020-05-27,64.58999633789062,42.400001525878906,2.6081232478744383,-0.26176056377320694
2020-05-28,65.41000366210938,42.58000183105469,3.1649995421388653,0.5059802689916257
2020-05-29,66.58000183105469,42.9900016784668,3.735644937624656,1.2810575607025085
2020-06-01,66.91999816894531,43.40499877929688,3.468983334225456,0.8899550502003022
2020-06-02,67.16000366210938,43.84999847412109,3.058471996798019,0.29681502193548914
2020-06-03,67.30999755859375,44.45000076293945,2.331360601279968,-0.7503134013614446
2020-06-04,66.16000366210938,44.13999938964844,1.6345380511533705,-1.73592434345179
2020-06-05,67.0,44.900001525878906,1.3635354678004035,-2.0691418750081936
2020-06-08,67.30000305175781,45.209999084472656,1.2103727496644296,-2.2292663666651937
2020-06-09,67.05000305175781,44.81499862670898,1.5377988667051028,-1.744516293925834
2020-06-10,67.69000244140625,44.95000076293945,1.9804471956557848,-1.1317507322514646
2020-06-11,64.26000213623047,42.40999984741211,2.263513134089706,-0.7433740444497611
2020-06-12,64.70999908447266,43.08399963378906,1.7282325418012263,-1.4308777476755934
2020-06-15,65.68000030517578,43.27000045776367,2.426330954689682,-0.49821178063256844
2020-06-16,66.48999786376953,44.02000045776367,2.139951080628407,-0.8644003977528326
2020-06-17,66.79000091552734,44.09999847412109,2.323010105997639,-0.6107213717983663
2020-06-18,66.9000015258789,44.15999984741211,2.345298514209759,-0.5668164779482304
2020-06-19,66.73999786376953,44.119998931884766,2.2437696535266696,-0.6863698350899584
2020-06-22,67.58000183105469,44.54999923706055,2.455183446639168,-0.39136817364822546
2020-06-23,67.37000274658203,44.709999084472656,2.011290732925332,-0.9712485448449126
2020-06-24,65.8499984741211,43.7400016784668,1.909264148036037,-1.089874295499288
2020-06-25,66.68000030517578,44.380001068115234,1.803691462126011,-1.2140127538817584
2020-06-26,65.81999969482422,43.709999084472656,1.923124258040879,-1.0299782246927343
2020-06-29,66.05000305175781,44.02999877929688,1.6853403564921052,-1.329987214941481
2020-06-30,67.3499984741211,44.52000045776367,2.2690334025433003,-0.5172380096126178
2020-07-01,68.12999725341797,44.68000030517578,2.815138552598995,0.24341429343630408
2020-07-02,68.4000015258789,45.060001373291016,2.5296433644381295,-0.1400851927093659
2020-07-06,69.33000183105469,46.02999877929688,2.041665982042261,-0.8024801642229923
2020-07-07,68.9000015258789,45.59000015258789,2.2548717631637345,-0.49317232127601934
2020-07-08,69.80999755859375,46.130001068115234,2.375474706015595,-0.3091093950293817
2020-07-09,70.06999969482422,46.0099983215332,2.810901246524949,0.3353298832067045
2020-07-10,69.93000030517578,46.18999862670898,2.4077708269221887,-0.22951458064733868
2020-07-13,68.05999755859375,45.7400016784668,1.1955900787619669,-2.0352671862767453
2020-07-14,69.27999877929688,46.31999969482422,1.567728984639814,-1.4472585753601654
2020-07-15,69.9000015258789,46.81999969482422,1.456813442785176,-1.5855782636418982
2020-07-16,69.47000122070312,46.459999084472656,1.5530751975180408,-1.41716150741288
2020-07-17,70.37000274658203,47.02999877929688,1.619830320696238,-1.2876821818564907
2020-07-20,71.80999755859375,47.65999984741211,2.138866527867833,-0.46639787995220333
2020-07-21,71.4000015258789,47.560001373291016,1.8750519222547268,-0.8628710592682044
2020-07-22,72.05999755859375,47.77000045776367,2.2280636121775217,-0.3073124306647143
2020-07-23,71.23999786376953,47.209999084472656,2.226694407929429,-0.29450130693180315
2020-07-24,70.63999938964844,46.66999816894531,2.4160890236713044,0.0086276303783627
2020-07-27,71.6500015258789,47.52999877929688,2.1689108115564295,-0.367304942485089
2020-07-28,71.12000274658203,47.0099983215332,2.399067721409395,0.008546646953113019
2020-07-29,72.7300033569336,47.5099983215332,3.278150043324274,1.3945036856617683
2020-07-30,72.93000030517578,47.4900016784668,3.5073788158156134,1.7255962164934269
2020-07-31,73.4000015258789,47.18000030517578,4.430551382876516,3.0196212030789384
2020-08-03,74.30000305175781,48.08000183105469,4.014897758983807,2.318772222112734
2020-08-04,74.55000305175781,48.15999984741211,4.147953732595212,2.427300452667224
2020-08-05,75.08000183105469,48.34999847412109,4.400205569813195,2.7314739365061143
2020-08-06,75.30000305175781,48.34999847412109,4.62020679051632,2.8800569705394987
2020-08-07,74.54000091552734,48.16999816894531,4.1233356842401605,2.150156446927827
2020-08-10,73.8499984741211,47.935001373291016,3.7768601541693982,1.651803512065571
2020-08-11,72.94999694824219,47.584999084472656,3.3885047760745692,1.1347431425095023
2020-08-12,74.12000274658203,48.43000030517578,3.3232568824879394,1.0298218365552025
2020-08-13,74.75,48.36000061035156,4.055582250169934,1.9349326157605857
2020-08-14,74.43000030517578,48.150001525878906,4.04256689813775,1.8703030668163685
2020-08-17,75.37000274658203,48.720001220703125,4.149322936843305,1.950936810782908
2020-08-18,75.5999984741211,48.72999954223633,4.364702752257799,2.1466999094730106
2020-08-19,75.30999755859375,48.40999984741211,4.542489095212801,2.2806781811801184
2020-08-20,75.88999938964844,48.41999816894531,5.10787501414292,2.8138173386042977
2020-08-21,76.01000213623047,48.380001068115234,5.286346985687246,2.864642916209177
2020-08-24,76.0999984741211,48.70000076293945,4.9085560650955244,2.3541829103221343
2020-08-25,76.41000366210938,48.869998931884766,4.9700517117180425,2.3277743402556386
2020-08-26,77.45999908447266,49.45000076293945,5.172179242792055,2.4369663217011546
2020-08-27,77.2699966430664,49.27999877929688,5.230691919215545,2.396645905905916
2020-08-28,77.62000274658203,49.59999847412109,5.112910764248838,2.2045426152653174
2020-08-31,77.66999816894531,49.619998931884766,5.133668785898962,2.149964465651749
2020-09-01,79.18000030517578,49.86000061035156,6.292827690035665,3.0720323489997745
2020-09-02,80.01000213623047,50.54999923706055,6.114164290574763,2.7668369404582367
2020-09-03,76.29000091552734,48.68000030517578,5.127795907214917,1.8436360964765814
2020-09-04,74.8499984741211,48.310001373291016,4.228671437841896,1.0474715787764093
2020-09-08,72.87999725341797,46.93000030517578,4.276006254633927,1.0729023752073243
2020-09-09,74.73999786376953,48.09999847412109,4.425660746746374,1.1791210473718277
2020-09-10,73.75,47.5,4.312762598515263,1.0632045721205574
2020-09-11,73.33000183105469,47.77000045776367,3.498067884638459,0.3619520731326182
2020-09-14,74.81999969482422,48.619998931884766,3.745506888651235,0.5611222303460451
2020-09-15,75.77999877929688,49.2400016784668,3.7991632804083224,0.5954829545795253
2020-09-16,75.08000183105469,49.09999847412109,3.3038281371581775,0.1684856203291846
2020-09-17,74.37000274658203,48.709999084472656,3.163944425431879,0.04357676281350689
2020-09-18,73.93000030517578,48.459999084472656,3.0894011282439635,-0.02923478832257171
2020-09-21,73.80999755859375,47.91999816894531,3.7587914715249156,0.5286495186098499
2020-09-22,74.98999786376953,48.119998931884766,4.646423346033217,1.2657423601483113
2020-09-23,73.30999755859375,47.15999984741211,4.3697848163045165,1.0087642290711472
2020-09-24,73.20999908447266,47.130001068115234,4.3136396550211344,0.943255892123278
2020-09-25,74.91000366210938,47.63999938964844,5.268110032096601,1.7110118257646785
2020-09-28,76.13999938964844,48.38999938964844,5.4017283269806455,1.7762324761973332
2020-09-29,76.1500015258789,48.45000076293945,5.3240182610716715,1.6705669430935057
2020-09-30,76.44999694824219,48.58000183105469,5.4339733670314985,1.7142398944206554
2020-10-01,77.48999786376953,49.09999847412109,5.713824169873021,1.886526641644138
2020-10-02,76.54000091552734,48.59999847412109,5.494745510067503,1.673284927260791
2020-10-05,78.12999725341797,49.65999984741211,5.535193068945318,1.66177354491688
2020-10-06,77.43000030517578,49.16999816894531,5.5514984970152454,1.6339462660575355
2020-10-07,79.05000305175781,49.90999984741211,6.0897397230668275,1.9827881360902773
2020-10-08,79.18000030517578,50.5099983215332,5.3426372609463755,1.4000016393768902
2020-10-09,80.2300033569336,50.970001220703125,5.720191249229799,1.6352914396614513
2020-10-12,81.11000061035156,51.560001373291016,5.73770469923393,1.6071160014251236
2020-10-13,81.45999908447266,51.38999938964844,6.336218291184764,1.9712196279473195
2020-10-14,81.02999877929688,51.18000030517578,6.213202328801032,1.8335328126973836
2020-10-15,81.2699966430664,50.77000045776367,7.052552966030092,2.3204637170103295
2020-10-16,81.19000244140625,50.84000015258789,6.87023065010591,2.123756838418419
2020-10-19,80.0999984741211,50.36000061035156,6.481907570544294,1.8164092373698824
2020-10-20,80.06999969482422,50.52999877929688,6.203399249881656,1.5992546967522518
2020-10-21,79.11000061035156,50.34000015258789,5.521147107487906,1.1435752870236182
2020-10-22,78.95999908447266,50.52999877929688,5.093398639530093,0.8572753800804283
2020-10-23,79.5199966430664,50.65999984741211,5.463355881720403,1.0691912382484405
2020-10-26,78.51000213623047,49.7599983215332,5.769016524656081,1.2375974796510678
2020-10-27,78.55999755859375,49.5,6.19908700336228,1.480074850713855
2020-10-28,76.3499984741211,48.09999847412109,6.035661357097936,1.3531184233637028
2020-10-29,77.19999694824219,48.4900016784668,6.315538882008653,1.5006162525526805
2020-10-30,75.41999816894531,47.79999923706055,5.544210909691358,0.9910373935234812
2020-11-02,76.4800033569336,48.25,5.946388522793825,1.2220108757603214
2020-11-03,77.98999786376953,49.13999938964844,6.155349368446707,1.3293369516208489
2020-11-04,80.94999694824219,50.54999923706055,7.054159102586482,1.850151068411271
2020-11-05,82.87999725341797,51.81999969482422,7.127626285957419,1.84691442090685
2020-11-06,83.19000244140625,51.97999954223633,7.20373784470452,1.8437972429273726
2020-11-09,80.44000244140625,51.9900016784668,4.439116356115946,0.1262998013648423
2020-11-10,79.44999694824219,51.290000915527344,4.472397582056047,0.13416772290873633
2020-11-11,81.19999694824219,52.0099983215332,5.169879038702732,0.5564839770816601
2020-11-12,80.51000213623047,51.59999847412109,5.079237000150542,0.484680398323832
2020-11-13,80.9800033569336,52.31999969482422,4.4967141010363605,0.09958448597286558
2020-11-16,81.26000213623047,52.880001068115234,3.9580823897571094,-0.2638910819414232
2020-11-17,81.69999694824219,52.66999816894531,4.705067121024882,0.20711251325804245
2020-11-18,81.06999969482422,52.34999847412109,4.542857126089274,0.08260805842947716
2020-11-19,81.97000122070312,52.79999923706055,4.785031077082351,0.23054362770076967
2020-11-20,81.86000061035156,52.880001068115234,4.558080863878203,0.06533739040497592
2020-11-23,81.91999816894531,53.20000076293945,4.150291163989607,-0.22574849714401551
2020-11-24,81.83999633789062,53.72999954223633,3.29551773166051,-0.8314479982665617
2020-11-25,82.33999633789062,53.72999954223633,3.79551773166051,-0.4999978409712017
2020-11-27,83.2699966430664,54.43999862670898,3.6876154056075734,-0.5908846313727387
2020-11-30,83.6500015258789,54.15999984741211,4.47693274547612,-0.04241566601850743
2020-12-01,83.63999938964844,54.7599983215332,3.58983089370723,-0.6922962741000966
2020-12-02,82.73999786376953,54.77000045776367,2.675207879239764,-1.392567106426832
2020-12-03,82.86000061035156,54.84000015258789,2.6928825115577695,-1.4092446804355283
2020-12-04,83.44000244140625,55.43999862670898,2.3957846270740504,-1.6624813751068213
2020-12-07,83.80000305175781,55.470001220703125,2.711926348123896,-1.455416831579162
2020-12-08,84.33000183105469,55.880001068115234,2.642572353961242,-1.5405766725319976
2020-12-09,82.76000213623047,55.16999816894531,2.1104808668297466,-1.9571489495006105
2020-12-10,83.38999938964844,55.380001068115234,2.4334882009916754,-1.7228449800333017
2020-12-11,83.54000091552734,55.11000061035156,2.9781862718020733,-1.3102972420462637
2020-12-14,84.19999694824219,55.31999969482422,3.331197961724868,-1.0509610807470688
2020-12-15,85.45999908447266,55.97999954223633,3.6263881802774733,-0.8325796662461223
2020-12-16,85.87999725341797,56.060001373291016,3.9294367463702002,-0.6102062335301889
2020-12-17,87.11000061035156,56.68999862670898,4.2384870749276615,-0.37365967679431983
2020-12-18,87.47000122070312,56.75,4.510775483139781,-0.15335412888888109
2020-12-21,87.37999725341797,56.38999938964844,4.947033575763271,0.20957606985355792
2020-12-22,88.47000122070312,56.58000183105469,5.75928502450553,0.8949754688195763
2020-12-23,87.95999908447266,56.709999084472656,5.059248148335598,0.28518394783289364
2020-12-24,88.16000366210938,56.77000045776367,5.171540523832874,0.37317148037095
2020-12-28,87.62000274658203,56.93000030517578,4.39764597906435,-0.29280479478957167
2020-12-29,86.95999908447266,56.88999938964844,3.796117118381275,-0.8007842432602503
2020-12-30,87.44999694824219,57.2599983215332,3.7452370101175774,-0.8393165006685782
2020-12-31,87.75,57.2400016784668,4.074471886124542,-0.5610644728763929
2021-01-04,86.4000015258789,57.15999984741211,2.8414230148560335,-1.6031441283928163
2021-01-05,87.0,57.81999969482422,2.476609571299278,-1.8855313688604924
2021-01-06,86.8499984741211,57.970001220703125,2.1073303283037603,-2.1323827140716283
2021-01-07,89.37000274658203,58.77999877929688,3.443250542434228,-1.0227694736795971
2021-01-08,90.23999786376952,59.40999984741211,3.392287054781576,-1.0534309664825594
2021-01-11,89.66999816894531,59.13999938964844,3.2169839048888633,-1.1792093374885058
2021-01-12,90.01000213623047,59.36000061035156,3.2353820407933966,-1.1459844741685414
2021-01-13,89.68000030517578,59.470001220703125,2.744577294048412,-1.5057943624377212
2021-01-14,89.25,59.83000183105469,1.7883149289639704,-2.187783022143624
2021-01-15,88.25,59.2400016784668,1.6507987323778224,-2.2127185228384136
2021-01-19,89.02999877929688,60.2400016784668,0.9689609348013306,-2.605902455550949
2021-01-20,90.41999816894533,60.75,1.6134261238885301,-2.0637630881602504
2021-01-21,90.66000366210938,60.75,1.8534316170525784,-1.8375745443138176
2021-01-22,90.66000366210938,60.459999084472656,2.277365562697213,-1.5023819608949733
2021-01-25,89.9800033569336,60.720001220703125,1.2172846247145088,-2.1645204361181403
2021-01-26,88.37000274658203,60.290000915527344,0.23587418853561815,-2.7096750353045307
2021-01-27,85.25,58.86000061035156,-0.7937018070003887,-3.1899691685636724
2021-01-28,87.08999633789062,59.25,0.47617915814386436,-2.2980615023669295
2021-01-29,85.62000274658203,58.310001373291016,0.3803099415691946,-2.271123986765699
2021-02-01,87.38999938964844,59.36000061035156,0.6153792942113654,-2.062291182502813
2021-02-02,89.43000030517578,60.130001068115234,1.5297653763705483,-1.4929603183797584
2021-02-03,88.7699966430664,59.86000061035156,1.264458259192665,-1.6073854266705536
2021-02-04,90.08999633789062,60.06999969482422,2.277473611224835,-1.0169495959333659
2021-02-05,90.9000015258789,60.34999847412109,2.6781663421570556,-0.7807844328898217
2021-02-08,91.52999877929688,60.959999084472656,2.4164423914480295,-0.9174311731097594
2021-02-09,91.83999633789062,61.2400016784668,2.317121916521714,-0.9641747328622493
2021-02-10,91.8000030517578,61.04999923706055,2.554881148931784,-0.8251943364438669
2021-02-11,92.44000244140624,61.75,2.1715938194760724,-1.0308875114896856
2021-02-12,93.22000122070312,62.220001220703125,2.264527623174004,-0.9660849371859533
2021-02-16,92.25,62.04999923706055,1.5430415203006191,-1.338533184721281
2021-02-17,91.52999877929688,61.68000030517578,1.3639182716307232,-1.4066553169461409
2021-02-18,91.37000274658205,61.040000915527344,2.1394967558806144,-0.966953962447968
2021-02-19,91.87999725341795,61.52000045776367,1.947810374992983,-1.0500189084127238
2021-02-22,88.72000122070312,60.5,0.278888319864663,-1.8973683023059427
2021-02-23,88.47000122070312,60.18000030517578,0.49667557834702336,-1.7338569231765943
2021-02-24,89.48999786376953,60.56999969482422,0.9465568486670577,-1.462555126264967
2021-02-25,86.08999633789062,59.0099983215332,-0.17297760976236987,-1.9873804138016609
2021-02-26,86.95999908447266,58.709999084472656,1.135574994588879,-1.2852007708569078
2021-03-01,89.62999725341797,59.970001220703125,1.963655953853916,-0.8427552962345168
2021-03-02,87.9800033569336,59.45000076293945,1.0738177465193672,-1.2730699634349172
2021-03-03,84.47000122070312,58.209999084472656,-0.6235045807439832,-2.079261769185218
2021-03-04,81.52999877929688,56.81999969482422,-1.5315550725304945,-2.4372391692756583
2021-03-05,82.23999786376953,57.470001220703125,-1.7717519936111188,-2.4558875203152923
2021-03-08,80.66999816894531,56.43000030517578,-1.821440310135685,-2.387413885760435
2021-03-09,83.83999633789062,57.84999847412109,-0.7272474036478229,-1.8290820023240242
2021-03-10,83.94999694824219,57.90999984741211,-0.7049589954357032,-1.775432224672324
2021-03-11,86.44999694824219,59.02999877929688,0.15778559987603558,-1.3546298919785784
2021-03-12,86.05000305175781,58.720001220703125,0.2109574732854611,-1.3085989218158374
2021-03-15,87.18000030517578,59.369998931884766,0.39076429761414033,-1.2032247599760164
2021-03-16,86.41000366210938,59.459999084472656,-0.5107978604294345,-1.5963758370498227
2021-03-17,86.4000015258789,59.7599983215332,-0.9593498544291066,-1.7634068617845668
2021-03-18,83.6500015258789,58.54999923706055,-1.9405289347637051,-2.1505915269536398
2021-03-19,84.31999969482422,58.709999084472656,-1.5044243950595586,-1.8976440606789553
2021-03-22,85.4000015258789,59.290000915527344,-1.27229045529414,-1.750122309167287
2021-03-23,84.62000274658203,58.290000915527344,-0.5904526577176625,-1.4155718006804807
2021-03-24,82.93000030517578,57.720001220703125,-1.4472086964232034,-1.7654748232673088
2021-03-25,82.93000030517578,57.93000030517578,-1.7541930392152523,-1.8639331398588772
2021-03-26,84.2300033569336,59.220001220703125,-2.339960509975441,-2.068674448580211
2021-03-29,83.20999908447266,58.81999969482422,-2.7752279211014326,-2.1987120191665124
2021-03-30,83.41999816894531,58.72999954223633,-2.433663321651622,-1.9998260758363147
2021-03-31,85.12999725341797,59.220001220703125,-1.439966613491066,-1.5447447351484243
2021-04-01,86.36000061035156,60.290000915527344,-1.7741279476948506,-1.6744069615112878
2021-04-05,86.6500015258789,61.060001373291016,-2.609741865535682,-2.022934324423829
2021-04-06,87.08999633789062,60.86000061035156,-1.877378622856483,-1.650213658244662
2021-04-07,85.69000244140625,60.619998931884766,-2.9265292872470923,-2.0596616829035703
2021-04-08,87.1500015258789,61.20000076293945,-2.314398094063705,-1.7480636114515413
2021-04-09,87.44999694824219,61.31999969482422,-2.1898214995153182,-1.6570844860478744
2021-04-12,87.30000305175781,60.970001220703125,-1.828174824679607,-1.4658138294870577
2021-04-13,87.41000366210938,61.150001525878906,-1.9813052442823675,-1.4987665455719577
2021-04-14,87.18000030517578,60.95000076293945,-1.9189401705484954,-1.4421755819128168
2021-04-15,87.5999984741211,61.65999984741211,-2.536844632831915,-1.6742502735938163
2021-04-16,87.9000015258789,61.75,-2.368407096051257,-1.5683393255783056
2021-04-19,86.36000061035156,61.40999984741211,-3.4113833523830976,-1.9696889420126644
2021-04-20,85.08999633789062,60.88999938964844,-3.921231935694209,-2.123099506513772
2021-04-21,86.87000274658203,61.720001220703125,-3.3545525625104062,-1.8301827011040988
2021-04-22,86.55999755859375,61.45000076293945,-3.26986120556721,-1.7494815369223309
2021-04-23,88.36000061035156,62.16999816894531,-2.5223766971626986,-1.4075685829986828
2021-04-26,89.16999816894531,62.5,-2.194787885639869,-1.2483899311833608
2021-04-27,89.43000030517578,62.2599983215332,-1.5839425173156485,-0.9745118846097023
2021-04-28,88.62999725341797,62.220001220703125,-2.325476344111152,-1.2569347799034218
2021-04-29,88.25,62.25,-2.7493269103668467,-1.4010185839722096
2021-04-30,87.5199966430664,61.36000061035156,-2.178296606117385,-1.1420065374309454
2021-05-03,87.08999633789062,61.36000061035156,-2.6082969112931664,-1.2906825816439664
2021-05-04,85.9000015258789,60.41999816894531,-2.42416177210697,-1.1904728554007769
2021-05-05,85.98999786376953,60.65999984741211,-2.685008666310111,-1.2694638413575137
2021-05-06,85.2699966430664,60.720001220703125,-3.4927220891526787,-1.5580870383503675
2021-05-07,86.77999877929688,61.43999862670898,-3.035238496275497,-1.3452979614356992
2021-05-10,84.91000366210938,60.47999954223633,-3.501871838015944,-1.4982099740033707
2021-05-11,84.5999984741211,60.08000183105469,-3.2271457411332705,-1.3611582466887673
2021-05-12,81.47000122070312,58.68000030517578,-4.310569556342941,-1.7515776457400047
2021-05-13,82.20999908447266,59.060001373291016,-4.126071153195198,-1.6450716870460147
2021-05-14,84.7300033569336,60.36000061035156,-3.506453315376831,-1.376947867544786
2021-05-17,84.33999633789062,60.209999084472656,-3.6771826173032025,-1.4251210919574415
2021-05-18,83.73999786376953,60.16999816894531,-4.218706289998011,-1.6287830958653298
2021-05-19,83.13999938964844,59.970001220703125,-4.526341909915615,-1.7310434292355192
2021-05-20,84.25,61.0099983215332,-4.936647101399714,-1.8752167496061882
2021-05-21,84.18000030517578,60.93000030517578,-4.889702769835338,-1.8239883828034809
2021-05-24,85.1500015258789,61.45000076293945,-4.679857238282054,-1.7040709823962379
2021-05-25,85.01000213623047,61.369998931884766,-4.702907025077906,-1.6827879325821085
2021-05-26,86.11000061035156,61.58000183105469,-3.909898470212852,-1.3316969190407775
2021-05-27,86.70999908447266,61.61000061035156,-3.3537533089294698,-1.0756603486273217
2021-05-28,86.52999877929688,61.7400016784668,-3.7237939305087195,-1.210876571031971
2021-06-01,86.61000061035156,61.93000030517578,-3.921539041532924,-1.2701995821641754
2021-06-02,86.13999938964844,61.83000183105469,-4.2453588351343114,-1.3881199376223927
2021-06-03,85.41000366210938,61.43999862670898,-4.405233613462997,-1.4357271235420885
2021-06-04,86.12999725341797,62.09000015258789,-4.635436027707698,-1.51219219776718
2021-06-07,86.75,62.36000061035156,-4.410129826057158,-1.3930445853681814
2021-06-08,87.43000030517578,62.31999969482422,-3.671654719455077,-1.0480948834434003
2021-06-09,86.80999755859375,62.459999084472656,-4.496313694565146,-1.3901494026371146
2021-06-10,86.97000122070312,62.84999847412109,-4.906425405202128,-1.5407365658962238
2021-06-11,87.70999908447266,62.810001373291016,-4.107958316470317,-1.1596685746161466
2021-06-14,87.43000030517578,63.02999877929688,-4.7095573506838235,-1.4004170133585745
2021-06-15,86.79000091552734,62.83000183105469,-5.057193886128772,-1.5252131592545513
2021-06-16,86.5999984741211,62.43999862670898,-4.677075378324645,-1.3331492102098426
2021-06-17,86.44999694824219,62.47999954223633,-4.885551705629851,-1.3980367188172385
2021-06-18,85.27999877929688,61.77000045776367,-5.017647243346431,-1.4248775565505545
2021-06-21,86.83000183105469,62.25,-4.169325079312159,-1.0261135161508548
2021-06-22,87.63999938964844,62.36000061035156,-3.5201304364087207,-0.7214371601234065
2021-06-23,88.05999755859375,62.27999877929688,-2.983182664610837,-0.4686811868172772
2021-06-24,88.86000061035156,62.88999938964844,-3.0749008169799907,-0.4959624448168998
2021-06-25,89.47000122070312,63.13999938964844,-2.830359350846777,-0.3705660527066951
2021-06-28,89.73999786376953,63.369998931884766,-2.8965844512855625,-0.38595110695355245
2021-06-29,89.73999786376953,63.5099983215332,-3.1012406798136,-0.46462727213814053
2021-06-30,89.62000274658203,63.25,-2.8411607406581822,-0.3246604699712654
2021-07-01,89.94999694824219,63.209999084472656,-2.452691737571726,-0.11649751291809943
2021-07-02,90.26000213623048,63.470001220703125,-2.5227671823903393,-0.13063341973115125
2021-07-06,90.0,63.119998931884766,-2.271123170836759,0.022616669087619053
2021-07-07,90.0,63.369998931884766,-2.6365823150550938,-0.14824765345312255
2021-07-08,89.12999725341797,62.75,-2.6002479453855614,-0.10574101824558761
2021-07-09,90.6999969482422,63.560001373291016,-2.214337885355789,0.1341610188403981
2021-07-12,91.0,63.84999847412109,-2.33826320277862,0.08649997371578125
2021-07-13,90.47000122070312,63.52000045776367,-2.385858811468566,0.08851885777903444
2021-07-14,89.19999694824219,63.630001068115234,-3.816665999619815,-0.7781899066829067
2021-07-15,88.5199966430664,63.04999923706055,-3.648798413506327,-0.6566731477390019
2021-07-16,87.66999816894531,62.58000183105469,-3.8117374884924544,-0.7472114012890934
2021-07-19,86.95999908447266,61.97999954223633,-3.644631280962699,-0.6246420842570388
2021-07-20,88.93000030517578,62.70000076293945,-2.72715418007688,0.010310616854166253
2021-07-21,90.36000061035156,63.31999969482422,-2.2034909911526626,0.4055043936921128
2021-07-22,91.01000213623048,63.369998931884766,-1.6265801788246108,0.8891865861518078
2021-07-23,91.8499984741211,63.77999877929688,-1.385936614393529,1.1312652692642235
2021-07-26,91.52999877929688,63.380001068115234,-1.1212050243467928,1.3498030697630494
2021-07-27,90.58999633789062,62.79999923706055,-1.2133395744637738,1.2713100634915966
2021-07-28,91.48999786376952,63.619998931884766,-1.5120435955039255,1.033546928163111
2021-07-29,92.01000213623048,63.93999862670898,-1.4598265815253058,1.0686696582369166
2021-07-30,91.55999755859376,63.97999954223633,-1.9683059605883244,0.6901101939677236
2021-08-02,91.23999786376952,64.26000213623047,-2.697623688932623,0.13306832878437652
2021-08-03,92.0199966430664,64.77999877929688,-2.677775022321569,0.17693362456714515
2021-08-04,92.0500030517578,65.0,-2.9693744450108,-0.03854200149838409
2021-08-05,93.23999786376952,65.27999877929688,-2.1886920900551416,0.6763399634178019
2021-08-06,93.04000091552734,64.9800033569336,-1.9501447569921027,0.9194513112782765
2021-08-09,93.37000274658205,65.02999877929688,-1.6932280630242786,1.1707760098624884
2021-08-10,92.97000122070312,64.87000274658203,-1.85934153612601,1.0171671877533448
2021-08-11,92.58000183105467,64.83999633789062,-2.2054764600087537,0.7115863377288932
2021-08-12,92.66000366210938,64.70999908447266,-1.9354398890145887,0.9741093392012312
2021-08-13,92.61000061035156,64.94999694824219,-2.336280596402176,0.6330395767636787
2021-08-16,92.33999633789062,64.80000305175781,-2.387018304674484,0.5993626587333045
2021-08-17,91.1999969482422,64.36000061035156,-2.883806031561676,0.1343306066979049
2021-08-18,90.51000213623048,64.0,-3.0475387836647485,-0.017198003884310774
2021-08-19,90.33000183105467,63.86000061035156,-3.022882860312521,0.009100953688960484
2021-08-20,90.91000366210938,64.19000244140625,-2.9252897763287535,0.1086616744846554
2021-08-23,92.36000061035156,65.05999755859375,-2.7470835120924733,0.2979549998655231
2021-08-24,92.87999725341795,65.41000366210938,-2.7387385932741495,0.3180357201502594
2021-08-25,93.56999969482422,65.51000213623047,-2.1949175789696227,0.8501629462148133
2021-08-26,92.91999816894533,65.19999694824219,-2.3917421820267464,0.6639745049772107
2021-08-27,94.58000183105467,65.77999877929688,-1.5796064112066688,1.4410733736665626
2021-08-30,94.80999755859376,65.93000030517578,-1.568888400784175,1.4328605395009495
2021-08-31,94.26000213623048,65.87999725341797,-2.0457875331325965,0.9657231985381859
2021-09-01,94.41999816894533,66.0,-2.061215904696624,0.9553148012621032
2021-09-02,94.95999908447266,66.41999816894531,-2.1351836747533923,0.8859736551651974
2021-09-03,95.19000244140624,66.61000061035156,-2.18293283636271,0.8440546248951935
2021-09-07,94.43000030517578,66.30999755859375,-2.50437953835997,0.5289353771925238
2021-09-08,93.83000183105467,65.86000061035156,-2.4465560140592544,0.5865864835449361
2021-09-09,93.88999938964844,65.58999633789062,-1.9918563340700075,1.0133192511996416
2021-09-10,93.26000213623048,65.25,-2.12483450475645,0.8661821019185861
2021-09-13,92.62000274658205,65.4000015258789,-2.9841116115214845,0.024897942804825594
2021-09-14,92.5,65.2300033569336,-2.855604816737781,0.14623761616390782
2021-09-15,93.43000030517578,65.5999984741211,-2.466476907131238,0.5251952171705911
2021-09-16,93.87000274658205,65.55000305175781,-1.953389328638096,1.0210903411227727
2021-09-17,93.33000183105467,65.16000366210938,-1.9232748714190961,1.0580073085397446
2021-09-20,91.44000244140624,64.0,-2.1175384784889957,0.8647737755894868
2021-09-21,91.88999938964844,64.26000213623047,-2.0476221630537026,0.9224070656801326
2021-09-22,93.38999938964844,64.76000213623047,-1.278540451490386,1.6433090465461113
2021-09-23,94.75,65.4800033569336,-0.9710639609561156,1.8891227959731858
2021-09-24,94.1500015258789,65.12999725341797,-1.0594107108291553,1.7664410996304878
2021-09-27,93.3499984741211,64.79000091552734,-1.3623946798554556,1.4566647572475082
2021-09-28,90.72000122070312,63.310001373291016,-1.828874468676517,1.0079250880856339
2021-09-29,90.44000244140624,62.90999984741211,-1.5241363866384745,1.263188619552888
2021-09-30,89.45999908447266,62.7400016784668,-2.255630202206291,0.5862960746700161
2021-10-01,89.94000244140625,62.84000015258789,-1.9218082723744345,0.8749497934006601
2021-10-04,87.79000091552734,61.75,-2.4784077064028196,0.35675951747766904
2021-10-05,88.80999755859375,62.34999847412109,-2.33551077887482,0.4735847487509867
2021-10-06,89.12000274658203,62.18000030517578,-1.776996049520804,0.9678702913933175
2021-10-07,90.36000061035156,62.95000076293945,-1.6626130191194335,1.0514213803760584
2021-10-08,89.16000366210938,62.47999954223633,-2.1755449917626635,0.5680785000030111
2021-10-11,88.69000244140625,62.130001068115234,-2.1339056411457165,0.5910403537288847
2021-10-12,89.55999755859375,61.959999084472656,-1.0153954061284622,1.6075385252781016
2021-10-13,90.19000244140624,62.5,-1.1747836131789455,1.438581143714112
2021-10-14,91.86000061035156,63.52999877929688,-1.0104753339447257,1.5684380039106518
2021-10-15,92.12000274658205,63.84000015258789,-1.2036445440720058,1.3648473023574998
2021-10-18,93.33999633789062,63.75,0.14791456221372812,2.5580079373912077
2021-10-19,93.79000091552734,64.44999694824219,-0.42536200278971137,1.9589615239443856
2021-10-20,93.9000015258789,64.7300033569336,-0.7246850024221914,1.6423902000101906
2021-10-21,95.37000274658205,64.77999877929688,0.6722310811940702,2.7845485749108234
2021-10-22,95.58000183105467,64.7300033569336,0.9553153027535757,2.8947698936482564
2021-10-25,96.3499984741211,64.93000030517578,1.4329490916165213,3.133135562404325
2021-10-26,96.13999938964844,64.94000244140625,1.208328518555291,2.8297552398345784
2021-10-27,95.4000015258789,64.33000183105469,1.3600518589127546,2.8261966835701102
2021-10-28,96.7699966430664,65.12000274658203,1.5751947420189367,2.846915342031092
2021-10-29,97.68000030517578,65.08999633789062,2.5290628698940196,3.357642330676697
2021-11-01,97.87000274658205,65.80000305175781,1.6811515271435695,2.6547603979065637
2021-11-02,99.94000244140624,66.0199966430664,3.429556543515119,3.6156237941337235
2021-11-03,99.58999633789062,66.51000213623047,2.363242487223417,2.78821225363576
2021-11-04,100.31999969482422,66.9000015258789,2.5231304714106386,2.7882890056499403
2021-11-05,100.37999725341795,66.98999786376953,2.451568091491197,2.6438159443630203
2021-11-08,100.94000244140624,67.19999694824219,2.7045889366874434,2.703316479244524
2021-11-09,100.66999816894533,67.07499694824219,2.6173142363357016,2.568978810658409
2021-11-10,98.05999755859376,66.30000305175781,1.140228050718605,1.637758415790897
2021-11-11,99.0,66.70999908447266,1.480883295129317,1.7967631417215435
2021-11-12,99.62000274658205,67.19999694824219,1.384589241863253,1.6942179179351828
2021-11-15,99.08999633789062,67.05999755859375,1.0592390616998557,1.4669706667114824
2021-11-16,100.47000122070312,67.29000091552734,2.103016624543173,2.0177513666311317
2021-11-17,99.63999938964844,67.16999816894531,1.4484391977673567,1.598253645392809
2021-11-18,99.91999816894533,67.16999816894531,1.728437977064246,1.7142298428734741
2021-11-19,100.16000366210938,67.05999755859375,2.1292463859186057,1.8863959957651675
2021-11-22,98.13999938964844,66.37000274658203,1.1179017675092666,1.2914286955206087
2021-11-23,97.1500015258789,65.94000244140625,0.756494077912393,1.0685248714348425
2021-11-24,98.27999877929688,66.16000366210938,1.564885499949753,1.4821632705216141
2021-11-26,96.37000274658205,65.01000213623047,1.3360037612248874,1.327005655695089
2021-11-29,97.8499984741211,65.77999877929688,1.6903902318597517,1.4856574178284954
2021-11-30,95.38999938964844,64.80000305175781,0.6629847470833283,0.9103335155885631
2021-12-01,92.7300033569336,64.13999938964844,-1.032193791489675,-0.0149619775515812
2021-12-02,94.44000244140624,64.77999877929688,-0.2577692239817395,0.3948631555858356
2021-12-03,91.80999755859376,63.91999816894531,-1.6305937584488817,-0.3683590927335034
2021-12-06,91.63999938964844,64.22000122070312,-2.239147361627417,-0.7173356645688771
2021-12-07,95.12000274658205,65.83000183105469,-1.1127017856941563,-0.10818100257969088
2021-12-08,95.80999755859376,66.27999877929688,-1.0805289721042612,-0.1057754966930321
2021-12-09,93.72000122070312,65.58000183105469,-2.147244167354742,-0.718612851301185
2021-12-10,93.54000091552734,65.80999755859375,-2.663460639571724,-1.0084491029614686
2021-12-13,92.41000366210938,64.9800033569336,-2.5801420104100714,-0.9519620812737323
2021-12-14,90.83999633789062,64.37000274658203,-3.2584281305018266,-1.3151091492831173
2021-12-15,92.73999786376952,65.4000015258789,-2.864116494334013,-1.0770076799247497
2021-12-16,90.27999877929688,64.9000015258789,-4.593197290369986,-1.9846818422648504
2021-12-17,90.86000061035156,64.48999786376953,-3.4138371093917783,-1.3164852739681567
2021-12-20,89.47000122070312,63.68000030517578,-3.619752440709746,-1.4028484572480997
2021-12-21,92.29000091552734,65.18000030517578,-2.9925076111955775,-1.0550766805106766
2021-12-22,93.3499984741211,65.62000274658203,-2.575721715363059,-0.8328262996923849
2021-12-23,94.02999877929688,66.18000030517578,-2.714346324299413,-0.9068082059860418
2021-12-27,95.5199966430664,66.7699966430664,-2.0868266874797285,-0.5773222252383381
2021-12-28,94.5,66.38999938964844,-2.551329446388337,-0.824207117773873
2021-12-29,94.62999725341795,66.3499984741211,-2.3628573915440825,-0.7197041266379764
2021-12-30,94.62999725341795,66.4800033569336,-2.552903284411528,-0.8148637286270961
2021-12-31,94.5199966430664,66.06999969482422,-2.0635455448395703,-0.5515238402259999
2022-01-03,93.13999938964844,66.41999816894531,-3.955183369577611,-1.5383789775582608
2022-01-04,92.54000091552734,65.5199966430664,-3.2395266939270897,-1.1460325935196212
2022-01-05,89.05999755859375,63.72999954223633,-4.10284681636999,-1.574695527303329
2022-01-06,89.20999908447266,63.40999984741211,-3.4850580320087374,-1.2401699826244423
2022-01-07,87.08000183105469,62.970001220703125,-4.971849199129451,-1.9685463954525135
2022-01-10,86.62999725341797,62.81999969482422,-5.202576059649573,-2.0408404184649354
2022-01-11,87.58000183105469,64.06999969482422,-6.0798672031045555,-2.402891380469262
2022-01-12,87.91999816894531,64.12999725341797,-5.827577490889382,-2.216258703075746
2022-01-13,85.77999877929688,62.59999847412109,-5.730968702390044,-2.1121032645103694
2022-01-14,85.2300033569336,62.86000061035156,-6.661044757560248,-2.456754975456663
2022-01-18,83.16999816894531,61.4900016784668,-6.718335396641933,-2.3915165014450035
2022-01-19,82.2699966430664,61.0,-6.902034546208739,-2.3834292459947024
2022-01-20,80.93000030517578,60.40999984741211,-7.379547080685512,-2.4818801380108613
2022-01-21,79.30000305175781,58.91999816894531,-6.831405380918014,-2.1774455600664355
2022-01-24,80.58000183105469,58.93999862670898,-5.580644002334282,-1.6334814478678354
2022-01-25,78.37999725341797,57.790000915527344,-6.099539862445042,-1.7952011881217986
2022-01-26,77.81999969482422,57.2599983215332,-5.884760243300391,-1.6719911134995695
2022-01-27,76.80999755859375,56.33000183105469,-5.53525949338551,-1.5060187795623567
2022-01-28,78.94999694824219,57.310001373291016,-4.827859279897282,-1.2170825789091884
2022-01-31,81.54000091552734,59.45000076293945,-5.366184694886883,-1.397638492207604
2022-02-01,82.30999755859375,59.880001068115234,-5.224778225993148,-1.3202722532686413
2022-02-02,83.41000366210938,59.86000061035156,-4.095534721764366,-0.8870102551951913
2022-02-03,81.41999816894531,58.09999847412109,-3.51270471681147,-0.6671082548840308
2022-02-04,81.5,58.47999954223633,-3.9882023463785856,-0.8376249595807406
2022-02-07,81.08000183105469,58.45000076293945,-4.364347202486172,-0.9659440576187265
2022-02-08,81.91999816894531,58.90999984741211,-4.196794351605945,-0.8921113107030858
2022-02-09,84.11000061035156,60.5099983215332,-4.345728202611468,-0.9338464888456001
2022-02-10,82.37000274658203,59.34999847412109,-4.389995860266453,-0.9375739822905342
2022-02-11,80.08000183105469,57.95000076293945,-4.633428914049503,-1.0116623934103053
2022-02-14,79.58999633789062,57.66999816894531,-4.7141163736935,-1.023191021510726
2022-02-15,81.48999786376953,59.369998931884766,-5.29923814379211,-1.2103507948327799
2022-02-16,81.4000015258789,59.2400016784668,-5.199199741743271,-1.1523211270185223
2022-02-17,79.19999694824219,57.33000183105469,-4.607096680610425,-0.9259439156557921
2022-02-18,78.63999938964844,56.560001373291016,-4.041479405836014,-0.7155441617179776
2022-02-22,77.41000366210938,55.880001068115234,-4.2774258149840705,-0.7869249975203465
2022-02-23,75.77999877929688,54.97999954223633,-4.591775548024941,-0.8860467197013261
2022-02-24,78.23999786376953,56.34999847412109,-4.1344910124588665,-0.7157059581980002
2022-02-25,79.9800033569336,57.650001525878906,-4.294877530401379,-0.7633471008828847
2022-02-28,79.37999725341797,57.90999984741211,-5.274958690259922,-1.088989491249342
2022-03-01,78.22000122070312,57.06999969482422,-5.207011775342579,-1.0476406381875591
2022-03-02,80.08000183105469,57.900001525878906,-4.56033820049862,-0.8116197440925144
2022-03-03,79.08999633789062,56.79999923706055,-3.9423201132235874,-0.5916616366689966
2022-03-04,78.11000061035156,55.720001220703125,-3.343535237500703,-0.38139852417841635
2022-03-07,74.88999938964844,54.15999984741211,-4.283069390754349,-0.6918114893208261
2022-03-08,74.48999786376953,54.25,-4.81463643161041,-0.8589929576210936
2022-03-09,77.22000122070312,56.09999847412109,-4.789028511306938,-0.8351654708386279
2022-03-10,76.41999816894531,55.400001525878906,-4.5657504204245924,-0.7460040362801411
2022-03-11,75.18000030517578,54.36000061035156,-4.285436905894471,-0.6366036248627875
2022-03-14,74.08000183105469,53.33000183105469,-3.8797454903044724,-0.48709047353585366
2022-03-15,76.22000122070312,54.209999084472656,-3.0261582732505303,-0.18822279075641457
2022-03-16,78.8499984741211,56.650001525878906,-3.9630458363405126,-0.49494715561769403
2022-03-17,80.11000061035156,57.45000076293945,-3.8725118463159447,-0.45009839720273537
2022-03-18,81.62999725341797,58.65999984741211,-4.12133612291494,-0.5212949610880191
2022-03-21,80.87999725341797,58.20000076293945,-4.198892635904556,-0.5335940120634082
2022-03-22,81.58000183105469,59.0,-4.668356204473724,-0.6827555703294228
2022-03-23,79.9000015258789,58.209999084472656,-5.193504275568202,-0.8518018774921566
2022-03-24,81.2300033569336,59.130001068115234,-5.208394994998272,-0.8422325983980612
2022-03-25,81.08000183105469,58.720001220703125,-4.759043747417664,-0.6638571400255062
2022-03-28,81.7699966430664,59.04999923706055,-4.551452106012874,-0.5737413119014919
2022-03-29,83.69000244140625,60.27000045776367,-4.41488871592702,-0.506863967887569
2022-03-30,82.31999969482422,59.619998931884766,-4.834695456955771,-0.6544271640184399
2022-03-31,81.0199966430664,59.040000915527344,-5.2868361938883055,-0.8197670066311002
2022-04-01,81.41999816894531,59.27000045776367,-5.223056411514591,-0.7830882377755831
2022-04-04,81.48999786376953,60.16999816894531,-6.468706289998011,-1.2896793969987022
2022-04-05,80.08000183105469,58.959999084472656,-6.109881403047439,-1.1216527851492986
2022-04-06,79.58000183105469,57.959999084472656,-5.148044826174072,-0.6959603184994347
2022-04-07,80.3499984741211,58.0,-4.4365229845339655,-0.36789020942329415
2022-04-08,80.62000274658203,57.5,-3.4356004236363447,0.10290598431917274
2022-04-11,79.26000213623047,56.47999954223633,-3.3045270564013975,0.19477665279355477
2022-04-12,79.58000183105469,56.02999877929688,-2.3266997866913783,0.697689441549053
2022-04-13,80.86000061035156,56.95000076293945,-2.3915935578792613,0.710919428958878
2022-04-14,80.02999877929688,56.060001373291016,-1.9205617277508935,1.0130489490745789
2022-04-18,80.38999938964844,55.61000061035156,-0.9027335425135163,1.599302236411708
2022-04-19,81.41999816894531,56.45000076293945,-1.100677710848828,1.5336057383678812
2022-04-20,82.22000122070312,56.220001220703125,0.03554708441417631,2.2204352215065577
2022-04-21,79.68000030517578,54.9900016784668,-0.7063955107346089,1.8647385392681153
2022-04-22,76.81999969482422,53.79999923706055,-1.8268070256699076,1.2943235280463379
2022-04-25,76.9800033569336,54.18000030517578,-2.2223028241823357,1.1092221290215947
2022-04-26,75.11000061035156,52.43000030517578,-1.5340915612359822,1.5572072753341468
2022-04-27,75.45999908447266,52.20000076293945,-0.8478713436096967,2.015148187397322
2022-04-28,77.13999938964844,53.59999847412109,-1.2144389001782088,1.7690234637270643
2022-04-29,74.52999877929688,52.34000015258789,-1.982527877313501,1.2733584238757072
2022-05-02,74.7300033569336,52.790000915527344,-2.440350874562597,1.001615976449011
2022-05-03,76.0,52.959999084472656,-1.4188637728619398,1.6707385722561785
2022-05-04,78.36000061035156,54.18000030517578,-0.842305570764367,2.0088714757507837
2022-05-05,75.47000122070312,51.970001220703125,-0.501647463874022,2.16731779108218
2022-05-06,74.81999969482422,50.75,0.6317934185010472,2.7554232884921865
2022-05-09,70.41999816894531,48.43000030517578,-0.37674769514877937,2.082437589450697
2022-05-10,70.87999725341797,48.83000183105469,-0.5014854720110691,1.9589785046052761
2022-05-11,70.0,47.70000076293945,0.27039416784778325,2.315200522687183
2022-05-12,70.1500015258789,48.29999923706055,-0.4567040218117313,1.8545592009994203
2022-05-13,72.68000030517578,50.27999877929688,-0.821140995548447,1.6147544455275447
2022-05-16,72.61000061035156,49.7599983215332,-0.1309850012228253,1.940719353805528
2022-05-17,74.33999633789062,51.09000015258789,-0.34523459762804976,1.7872559590132882
2022-05-18,71.11000061035156,49.560001373291016,-1.3386221470193505,1.245198488054276
2022-05-19,71.30999755859375,49.95000076293945,-1.7087405715235349,1.0462838038939577
2022-05-20,71.44000244140625,50.209999084472656,-1.9588107450539525,0.9095528135692128
2022-05-23,72.95999908447266,50.83000183105469,-1.345156794703101,1.2197134833061714
2022-05-24,72.27999877929688,49.709999084472656,-0.3878961187266441,1.685879446812545
2022-05-25,73.48999786376953,50.2599983215332,0.018093963758460063,1.857219862858723
2022-05-26,75.23999786376953,51.25,0.3208732990096763,1.9504751893780055
2022-05-27,77.55000305175781,52.619998931884766,0.6281639380913759,2.039785782518296
2022-05-31,76.66999816894531,52.040000915527344,0.5960213701041397,1.9622369276366365
2022-06-01,76.47000122070312,51.380001068115234,1.3608363395398158,2.244399214632126
2022-06-02,78.30000305175781,52.810001373291016,1.1004114195484789,2.05455461129655
2022-06-03,77.5999984741211,51.880001068115234,1.7599153045211011,2.2696021575379395
2022-06-06,78.13999938964844,52.04999923706055,2.051406678682696,2.3154729422142277
2022-06-07,79.41999816894531,52.56999969482422,2.5712497688297447,2.444024193540828
2022-06-08,78.02999877929688,52.2400016784668,1.6636535497882363,1.9965844043806429
2022-06-09,76.37999725341797,50.650001525878906,2.3379724041965346,2.2106071883343574
2022-06-10,74.25,49.2400016784668,2.2691645011114474,2.12085983884152
2022-06-13,70.7300033569336,46.77999877929688,2.345290075266135,2.094942379952544
2022-06-14,70.62999725341797,46.84000015258789,2.1575717696110814,1.9750713913652387
2022-06-15,71.2300033569336,47.72999954223633,1.4565442119436511,1.6581170507507645
2022-06-16,67.73999786376953,45.90999984741211,0.6270808425719991,1.2957658724056083
2022-06-17,67.01000213623047,46.63999938964844,-1.1700549169089385,0.5549654425327561
2022-06-21,68.58000183105469,47.810001373291016,-1.3104069167878407,0.4831945485889852
2022-06-22,67.7699966430664,47.59000015258789,-1.798806273395499,0.2692359027777028
2022-06-23,67.76000213623047,48.29999923706055,-2.846703411460169,-0.17368658361491227
2022-06-24,69.83000183105469,50.02000045776367,-3.291064413326609,-0.36976901194330514
2022-06-27,70.54000091552734,49.88999938964844,-2.3910250124504984,-0.004588154320259529
2022-06-28,69.75,48.75,-1.5145331225764522,0.35509978046537743
2022-06-29,69.08000183105469,48.34999847412109,-1.5997944301868046,0.3111873797253197
2022-06-30,68.0999984741211,47.93000030517578,-1.9658291015363147,0.14809827331701633
2022-07-01,68.70999908447266,48.22999954223633,-1.7943783489539555,0.21068560168748293
2022-07-05,67.95999908447266,48.52999877929688,-2.9829282067231873,-0.3013284294743803
2022-07-06,67.9000015258789,48.68999862670898,-3.276819394558089,-0.43268051809970337
2022-07-07,69.62999725341797,49.810001373291016,-3.184084648171279,-0.3994963236207003
2022-07-08,69.62000274658203,49.7599983215332,-3.1209828649923566,-0.38063452790139507
2022-07-11,69.01000213623047,48.63999938964844,-2.093728070655672,0.051824028557385264
2022-07-12,68.1500015258789,48.150001525878906,-2.237431881159125,-0.024093983737396227
2022-07-13,68.05000305175781,48.130001068115234,-2.308192954567062,-0.06838740341850275
2022-07-14,67.63999938964844,47.84999847412109,-2.308878583156371,-0.07932902805124041
2022-07-15,68.91000366210938,48.72999954223633,-2.32529205975392,-0.09461127379864963
2022-07-18,68.86000061035156,48.5099983215332,-2.053689280131124,0.016813417922333086
2022-07-19,71.12000274658203,49.77000045776367,-1.6356043535809306,0.1923282561465556
2022-07-20,71.69999694824219,50.400001525878906,-1.9765687567608978,0.028777151299005523
2022-07-21,71.94999694824219,51.11000061035156,-2.76447138798963,-0.33708981206795346
2022-07-22,71.16000366210938,50.380001068115234,-2.4873246421805675,-0.22598734596863307
2022-07-25,72.13999938964844,50.33000183105469,-1.4342382010906363,0.24450558580127904
2022-07-26,71.69000244140625,49.70000076293945,-0.9632765444926861,0.45006074981314254
2022-07-27,73.36000061035156,51.18000030517578,-1.4567958401442809,0.20791380627850148
2022-07-28,74.55999755859375,51.61000061035156,-0.885389066074751,0.46601826576428235
2022-07-29,75.56999969482422,51.9900016784668,-0.43088639046608534,0.6650617907513944
2022-08-01,75.04000091552734,51.7599983215332,-0.6246578497937634,0.5582692632789538
2022-08-02,74.83000183105469,51.77000045776367,-0.8492784228549937,0.436307199374328
2022-08-03,74.8499984741211,52.75,-2.261880955948797,-0.25847339125128715
2022-08-04,73.86000061035156,53.060001373291016,-3.70505016607612,-0.9667947630087202
2022-08-05,74.44999694824219,52.790000915527344,-2.7203572832540033,-0.49383516426039287
2022-08-08,74.70999908447266,52.79999923706055,-2.4749710591481175,-0.3767140546056936
2022-08-09,74.62999725341797,52.11000061035156,-1.5463076596872156,0.06793891847413627
2022-08-10,75.8499984741211,53.560001373291016,-2.445970590743272,-0.3857649123137255
2022-08-11,76.5999984741211,53.209999084472656,-1.1843244429591948,0.22813224035342253
2022-08-12,77.62999725341797,54.040000915527344,-1.3676526991699234,0.12323314552010488
2022-08-15,77.62000274658203,54.25,-1.6846315487979098,-0.0524435523120137
2022-08-16,77.70999908447266,53.84999847412109,-1.0098983495723388,0.2756479922493856
2022-08-17,77.44000244140625,53.08000183105469,-0.15428573573457527,0.7056053824961784
2022-08-18,78.22000122070312,53.04999923706055,0.6695719328640166,1.1223086810038008
2022-08-19,77.38999938964844,52.0099983215332,1.3598814801089816,1.4635843277364347
2022-08-22,76.05999755859375,51.0099983215332,1.4917162259276608,1.5054657094579362
2022-08-23,76.62000274658203,51.04999923706055,1.9932466124896422,1.7424360245155892
2022-08-24,77.08999633789062,51.41999816894531,1.922362231765021,1.6822877928632245
2022-08-25,78.08999633789062,52.2400016784668,1.7236511083819863,1.5563928432255478
2022-08-26,75.97000122070312,50.5,2.147254088598288,1.7944377841876908
2022-08-29,75.87000274658203,49.970001220703125,2.8220272157516035,2.1683057180625656
2022-08-30,74.45999908447266,49.540000915527344,2.0406137278149004,1.7027790292194807
2022-08-31,74.05000305175781,49.43000030517578,1.7914206107903539,1.5364644244517502
2022-09-01,73.33000183105469,48.95000076293945,1.7731002778107694,1.4963361274172253
2022-09-02,73.33000183105469,48.5,2.430927852696584,1.842552011403733
2022-09-06,73.16999816894531,48.130001068115234,2.811802162620438,2.0045927800582932
2022-09-07,73.98999786376953,49.185001373291016,2.0895638227261344,1.547797864622685
2022-09-08,74.58999633789062,49.77999877929688,1.8197733256030801,1.3615547317251697
2022-09-09,75.83000183105469,50.810001373291016,1.5540833525920732,1.1867350020819782
2022-09-12,76.54000091552734,51.220001220703125,1.6647296636052147,1.2251661237245257
2022-09-13,73.8499984741211,49.09999847412109,2.0738247802245837,1.4304339211984534
2022-09-14,74.5199966430664,49.41999816894531,2.2760356906875217,1.509189146131766
2022-09-15,73.41000366210938,48.81999969482422,2.043142425268911,1.3502407014204558
2022-09-16,72.4800033569336,48.2400016784668,1.961004434918408,1.2778370852043006
2022-09-19,72.83999633789062,48.38999938964844,2.101725275222833,1.3257283202507002
2022-09-20,72.05000305175781,47.66999816894531,2.3642561089073126,1.436287288151545
2022-09-21,71.0,46.9900016784668,2.3082967990765155,1.3754249590559346
2022-09-22,69.91000366210938,46.22999954223633,2.3292993824294825,1.3565665583170285
2022-09-23,67.73999786376953,45.25,1.5918927602498627,0.9458835722210982
2022-09-26,66.62999725341797,44.81999969482422,1.1104823240709578,0.6759919481588537
2022-09-27,66.87000274658203,44.9900016784668,1.1019726994052803,0.6600843957302357
2022-09-28,68.81999969482422,46.220001220703125,1.2539113272689093,0.7296674557144462
2022-09-29,67.97000122070312,45.02000045776367,2.158117860688648,1.1932307221545244
2022-09-30,67.58000183105469,44.56999969482422,2.4259460459260254,1.3081217556496991
2022-10-03,69.80000305175781,45.77000045776367,2.8917422590883035,1.5159440052091613
2022-10-04,72.26000213623047,47.4900016784668,2.837380646870301,1.458733274995597
2022-10-05,72.5,47.34999847412109,3.2820403156318747,1.6439782579761337
2022-10-06,72.04000091552734,47.0,3.3336818024792763,1.6280941749458275
2022-10-07,70.08999633789062,45.52999877929688,3.532578777314882,1.6839573889603923
2022-10-10,69.55000305175781,44.84999847412109,3.98663480957309,1.8523843100131474
2022-10-11,68.7300033569336,44.220001220703125,4.087588143125004,1.8467367380913495
2022-10-12,68.44999694824219,44.0,4.12918756581422,1.8151625527930768
2022-10-13,70.1500015258789,44.900001525878906,4.51353699367931,1.9374363933473784
2022-10-14,67.77999877929688,43.7599983215332,3.8100326289626665,1.5733908487564643
2022-10-17,69.48999786376953,45.08000183105469,3.5904023016156117,1.440196398624158
2022-10-18,70.44000244140625,45.54999923706055,3.853347480117364,1.523715183708146
2022-10-19,70.05999755859375,44.790000915527344,4.584335942084465,1.801056590757662
2022-10-20,69.20999908447266,44.68000030517578,3.8951403836536826,1.4672181792742474
2022-10-21,70.62000274658203,45.790000915527344,3.6825045531993794,1.3486220515801293
2022-10-24,71.22000122070312,45.709999084472656,4.399452630173059,1.6232165335084499
2022-10-25,72.62999725341797,46.86000061035156,4.128334368897939,1.4786166124538997
2022-10-26,73.19000244140625,47.060001373291016,4.395971126218754,1.5621738281678048
2022-10-27,73.12999725341797,46.75,4.78913728458825,1.692057232050394
2022-10-28,74.69000244140625,47.380001068115234,5.428183867736394,1.9120496626414147
2022-10-31,74.75,47.06999969482422,5.941352772687921,2.05779675328612
2022-11-01,75.05999755859375,47.27999877929688,5.944365988489622,2.006392776502965
2022-11-02,72.75,46.02000045776367,5.476280063112156,1.7856264537359576
2022-11-03,72.2300033569336,45.63999938964844,5.511782880667539,1.761685640015667
2022-11-04,73.18000030517578,46.34999847412109,5.4238771976810085,1.693089778402767
2022-11-07,74.08000183105469,46.43999862670898,6.19231320858276,1.9242987150152435
2022-11-08,74.2699966430664,47.220001220703125,5.24207169863773,1.5417929298860955
2022-11-09,72.08000183105469,46.5099983215332,4.089985094318735,1.1040098409788681
2022-11-10,76.04000091552734,49.630001068115234,3.4890500438924192,0.870602827823889
2022-11-11,76.22000122070312,50.59000015258789,2.2656885736211336,0.4185062491952685
2022-11-14,75.5999984741211,50.18999862670898,2.2304226883740483,0.39124164157254293
2022-11-15,76.41000366210938,50.84999847412109,2.0756159586844802,0.31943469459012186
2022-11-16,75.54000091552734,50.02000045776367,2.4189346711460473,0.43190393982849906
2022-11-17,74.91999816894531,49.81999969482422,2.091300355231482,0.2980548801461434
2022-11-18,75.30999755859375,49.81999969482422,2.4812997448799194,0.4308243312159327
2022-11-21,74.81999969482422,49.400001525878906,2.605270566694486,0.4633908608974498
2022-11-22,76.08999633789062,50.02999877929688,2.9543141813847456,0.5808183777680376
2022-11-23,76.12000274658203,50.40999984741211,2.428821129454363,0.36525102795113273
2022-11-25,76.22000122070312,50.34000015258789,2.631147717839468,0.4275698717604556
2022-11-28,74.69000244140625,49.63999938964844,2.1244356576467567,0.2115977892851193
2022-11-29,74.87000274658203,49.41999816894531,2.6260417942031467,0.39589949601195706
2022-11-30,77.01000213623047,51.040000915527344,2.3978619142626627,0.2881964215672844
2022-12-01,76.72000122070312,51.45000076293945,1.5085082252758042,-0.09418342375216401
2022-12-02,76.48999786376953,51.47999954223633,1.2346515555044846,-0.22633691845344361
2022-12-05,74.58999633789062,50.45000076293945,0.8403399193366567,-0.412345071939954
2022-12-06,73.44000244140625,49.66999816894531,0.8305823448090308,-0.43669410955119053
2022-12-07,73.26000213623047,49.52999877929688,0.8552382681612727,-0.4447360066275932
2022-12-08,73.66999816894531,50.119998931884766,0.40275049746227864,-0.6602516205782079
2022-12-09,72.87999725341797,49.81999969482422,0.051299439704138194,-0.8359134270230534
2022-12-12,74.05999755859375,50.27999877929688,0.5588562578695218,-0.6350273426024405
2022-12-13,74.66999816894531,50.77000045776367,0.4525544919089981,-0.7110583634466339
2022-12-14,74.1500015258789,50.59999847412109,0.18107296667234607,-0.8543006935024346
2022-12-15,72.5,49.040000915527344,0.8115329317789275,-0.5683283151056013
2022-12-16,71.72000122070312,48.59000015258789,0.689361727367853,-0.6447646565162811
2022-12-19,70.55000305175781,47.709999084472656,0.8057813074810269,-0.6015809304192039
2022-12-20,70.93000030517578,47.650001525878906,1.2734851865744332,-0.3840663984586967
2022-12-21,72.1500015258789,48.29999923706055,1.5432959781882687,-0.26432881866659325
2022-12-22,70.73999786376953,47.290000915527344,1.6097448050768435,-0.2461537664382879
2022-12-23,71.52999877929688,47.209999084472656,2.516695323456773,0.1890461503032242
2022-12-27,71.47000122070312,46.7599983215332,3.1145253397488233,0.48343350989065814
2022-12-28,69.95999908447266,46.18000030517578,2.4523855183436325,0.10273211648136941
2022-12-29,71.25,47.65999984741211,1.5788689692740832,-0.4234098924893169
2022-12-30,71.05000305175781,47.34000015258789,1.8466592795142418,-0.2953226033715017
2023-01-03,70.5,47.43000030517578,1.165090712779275,-0.7519728033988319
2023-01-04,71.12999725341797,48.34999847412109,0.4502009921764767,-1.2264511773262312
2023-01-05,70.2699966430664,47.4900016784668,0.8473751537062384,-1.0143659073852211
2023-01-06,72.05999755859375,48.4900016784668,1.1755394923602154,-0.8488118052790562
2023-01-09,72.18000030517578,49.08000183105469,0.43305843552840884,-1.3792046404021576
2023-01-10,72.87000274658203,49.59999847412109,0.36291076424883784,-1.4386625011509053
2023-01-11,73.80000305175781,50.40999984741211,0.10882143463014415,-1.5998774046880915
2023-01-12,74.16000366210938,50.95000076293945,-0.3205710448812624,-1.8526715549698018
2023-01-13,74.37000274658203,51.2400016784668,-0.5345059060532407,-1.9477838963991925
2023-01-17,74.23999786376953,51.5099983215332,-1.0592017573332413,-2.2164186453080332
2023-01-18,73.31999969482422,51.09000015258789,-1.365231240694456,-2.325939579375538
2023-01-19,72.38999938964844,50.220001220703125,-1.0234352854003248,-2.0515370728702385
2023-01-20,73.62999725341797,51.36000061035156,-1.4499302270321976,-2.231486469744135
2023-01-23,74.56999969482422,52.4900016784668,-2.1618046789027545,-2.539253809555992
2023-01-24,74.5199966430664,52.119998931884766,-1.6709241821633611,-2.180397394712604
2023-01-25,74.54000091552734,52.2400016784668,-1.826344313981295,-2.192225076586894
2023-01-26,75.29000091552734,52.900001525878906,-2.0411562316591585,-2.230739398711321
2023-01-27,75.13999938964844,53.310001373291016,-2.7905105309975795,-2.517839042579678
2023-01-30,74.33999633789062,52.290000915527344,-2.0994396051688824,-2.0888619961900092
2023-01-31,75.56999969482422,52.90999984741211,-1.7757733644868523,-1.8714014853146435
2023-02-01,76.5999984741211,54.459999084472656,-3.011620164050896,-2.388163630540856
2023-02-02,77.04000091552734,55.75,-4.457388245162647,-2.9201312184293737
2023-02-03,76.5,54.400001525878906,-3.023912012496538,-2.183709560864913
2023-02-06,76.04000091552734,53.52999877929688,-2.212109260035305,-1.7710486154506595
2023-02-07,76.83000183105469,54.380001068115234,-2.664672780728708,-1.9128541006434492
2023-02-08,76.16999816894531,53.59999847412109,-2.1844401208813338,-1.6625200583131148
2023-02-09,75.80000305175781,53.31999969482422,-2.1451227810127875,-1.606678481921373
2023-02-10,75.9000015258789,52.63999938964844,-1.0510749885006874,-1.1248070624460815
2023-02-13,76.91000366210938,53.27000045776367,-0.9620314571103563,-1.0677961527987658
2023-02-14,77.12000274658203,53.75,-1.4537132603612264,-1.2476143629639682
2023-02-15,77.4800033569336,54.18000030517578,-1.7223028241823357,-1.330485646546393
2023-02-16,76.66999816894531,53.06999969482422,-0.9096685196069387,-0.9820286494155748
2023-02-17,76.5,52.58000183105469,-0.3633698887041419,-0.7509574554164999
2023-02-21,74.75,51.2400016784668,-0.15450865263527191,-0.659440379086418
2023-02-22,74.45999908447266,51.18999862670898,-0.3714132781477417,-0.7389046035517278
2023-02-23,74.87999725341797,51.540000915527344,-0.4630612569865207,-0.7634496147680804
2023-02-24,74.20999908447266,50.470001220703125,0.43110526520554515,-0.39413300018745806
2023-02-27,74.55999755859375,50.84999847412109,0.22560985516885523,-0.4667302462101559
2023-02-28,74.2300033569336,50.81999969482422,-0.06053103365358936,-0.5707745805366223
2023-03-01,74.37000274658203,50.880001068115234,-0.008243846144594613,-0.5372085360975465
2023-03-02,75.11000061035156,51.18999862670898,0.27858824773116453,-0.4096969510848651
2023-03-03,76.26000213623047,52.34999847412109,-0.26714043250447617,-0.6173063626539098
2023-03-06,76.08999633789062,51.95000076293945,0.1475850540266208,-0.43522105121688154
2023-03-07,75.20999908447266,51.08000183105469,0.5393840610785645,-0.2621309173707747
2023-03-08,75.51000213623047,51.290000915527344,0.5324027700443281,-0.25201814750834595
2023-03-09,74.27999877929688,50.18999862670898,0.9104229935498296,-0.08098639459869786
2023-03-10,72.79000091552734,48.970001220703125,1.2038619615702828,0.05330823423787845
2023-03-13,72.19000244140625,49.209999084472656,0.2530258318194143,-0.3356036762724143
2023-03-14,73.47000122070312,50.02000045776367,0.34893497632182857,-0.28198968993897194
2023-03-15,72.13999938964844,49.4900016784668,-0.20629525345844968,-0.5040720572301861
2023-03-16,73.29000091552734,50.36000061035156,-0.3280899880494559,-0.5420709351475473
2023-03-17,72.1500015258789,49.84999847412109,-0.722549600672636,-0.6978134832134528
2023-03-20,73.06999969482422,50.08000183105469,-0.13877875169652043,-0.42779597311466044
2023-03-21,74.02999877929688,51.04999923706055,-0.5967573547955141,-0.6147721154561855
2023-03-22,72.72000122070312,50.22999954223633,-0.7080493664702203,-0.6489006150317604
2023-03-23,72.76000213623047,50.630001068115234,-1.2527853122778225,-0.8789640530840523
2023-03-24,73.0,50.47999954223633,-0.7935097313916799,-0.6552642059795428
2023-03-27,73.61000061035156,50.5,-0.21274652175327446,-0.3666578471878104
2023-03-28,73.55999755859375,50.38999938964844,-0.1019466578207755,-0.29425415742532235
2023-03-29,74.5199966430664,51.31999969482422,-0.5014560359574602,-0.47901631725913757
2023-03-30,74.94999694824219,51.810001373291016,-0.7877581070937794,-0.6150955557022276
2023-03-31,75.97000122070312,52.70000076293945,-1.0687874958158972,-0.7571408277639331
2023-04-03,76.11000061035156,52.31999969482422,-0.37328864554567076,-0.3554147764740786
2023-04-04,74.72000122070312,52.0,-1.295500776711748,-0.8941780564962087
2023-04-05,74.11000061035156,51.20000076293945,-0.7360332408574237,-0.5380672589871067
2023-04-06,73.80999755859375,51.380001068115234,-1.2991673225695592,-0.8790370571863021
2023-04-10,74.54000091552734,51.59000015258789,-0.8761483084280144,-0.5926090211905058
2023-04-11,75.05000305175781,51.68999862670898,-0.5123275992992689,-0.3429442407784535
2023-04-12,74.7699966430664,51.5,-0.5145870659117833,-0.33039630971341577
2023-04-13,75.51000213623047,52.5,-1.2364181496210875,-0.7897071784010737
2023-04-14,75.45999908447266,52.25,-0.9209620571605655,-0.564733183685399
2023-04-17,76.33999633789062,52.43999862670898,-0.31871174582148853,-0.14383186847603746
2023-04-18,76.6500015258789,52.2599983215332,0.25442447212111574,0.26742646665491443
2023-04-19,76.2300033569336,51.97999954223633,0.2437387602318637,0.28544564940869477
2023-04-20,76.13999938964844,51.33000183105469,1.103925222035997,0.9176276199411885
2023-04-21,76.16999816894531,51.380001068115234,1.0608332877820033,0.9132370805349302
2023-04-24,76.31999969482422,51.2599983215332,1.386259217939795,1.1658514455191333
2023-04-25,74.33999633789062,49.93999862670898,1.3358796963619284,1.1562346264558492
2023-04-26,73.54000091552734,49.88999938964844,0.6089749875495016,0.6362755683154244
2023-04-27,74.48999786376953,50.630001068115234,0.47721041526124,0.5477356142398949
2023-04-28,75.26000213623047,50.79999923706055,0.9987051463564285,0.9520153842056358
2023-05-01,75.4800033569336,50.61000061035156,1.4964533091384595,1.3228348748929908
2023-05-02,74.77999877929688,49.959999084472656,1.7466447370550213,1.4951154168226526
2023-05-03,74.38999938964844,49.91999816894531,1.4151201488328695,1.2336921895252553
2023-05-04,73.45999908447266,50.130001068115234,0.17812992440104836,0.3004356436306525
2023-05-05,74.61000061035156,50.9900016784668,0.07095110193462517,0.2192003824296797
2023-05-08,74.69999694824219,51.15999984741211,-0.08756210154049882,0.10435921773187745
2023-05-09,74.66999816894531,50.90999984741211,0.24789826338096077,0.36035589337004625
2023-05-10,74.75,51.47999954223633,-0.5053463082650467,-0.20566664888091832
2023-05-11,74.44000244140625,51.220001220703125,-0.43526881051587907,-0.14350307975283186
2023-05-12,74.66999816894531,51.0099983215332,0.10171683627922334,0.2701357788927706
2023-05-15,75.06999969482422,51.7599983215332,-0.5946590704968884,-0.25095959619186586
2023-05-16,74.11000061035156,51.2400016784668,-0.7945080422837094,-0.3904682866950459
2023-05-17,74.94999694824219,51.880001068115234,-0.8900862213578051,-0.44942233798918907
2023-05-18,76.0199966430664,52.4900016784668,-0.711807730660567,-0.2961486871176988
2023-05-19,75.68000030517578,52.459999084472656,-1.0079451792494893,-0.5137134202025996
2023-05-22,75.70999908447266,53.09999847412109,-1.9135209169173066,-1.243953914079968
2023-05-23,74.27999877929688,52.369998931884766,-2.276381190151227,-1.5341419722704317
2023-05-24,73.47000122070312,51.86000061035156,-2.340844548183725,-1.5602982789388988
2023-05-25,74.25,52.18999862670898,-2.0432489394937647,-1.289824035234661
2023-05-26,75.2300033569336,53.290000915527344,-2.6712691629992804,-1.788034911485353
2023-05-30,75.13999938964844,53.4900016784668,-3.0536415609519025,-2.048658507432679
2023-05-31,74.08000183105469,53.33000183105469,-3.8797454903044724,-2.627553243358402
2023-06-01,74.70999908447266,53.93000030517578,-4.126847952424924,-2.7112825353550183
2023-06-02,75.94999694824219,54.560001373291016,-3.807808693495531,-2.363746516983962
2023-06-05,75.73999786376953,54.40999984741211,-3.79853006085159,-2.2711103805198283
2023-06-06,76.23999786376953,54.79999923706055,-3.868645433597962,-2.240091495536621
2023-06-07,76.5,53.91999816894531,-2.322225548309021,-1.0747209548863075
2023-06-08,76.80000305175781,54.369998931884766,-2.680050071437009,-1.3112309839386653
2023-06-09,76.58000183105469,54.29999923706055,-2.7977231778761222,-1.3712429088922318
2023-06-12,77.52999877929688,55.209999084472656,-3.177997291530133,-1.612319745544613
2023-06-13,78.26000213623047,55.959999084472656,-3.5443713672515713,-1.8242161528751482
2023-06-14,78.05999755859375,55.97999954223633,-3.773613345601433,-1.9321846774644664
2023-06-15,78.97000122070312,56.59000015258789,-3.7553308876190528,-1.8803624706627369
2023-06-16,78.52999877929688,56.13999938964844,-3.537505754139488,-1.6963143738166282
2023-06-20,77.81999969482422,55.45000076293945,-3.238839608096555,-1.4726881543117571
2023-06-21,78.08999633789062,54.720001220703125,-1.9017029330882735,-0.5875407524445001
2023-06-22,78.0,54.7599983215332,-2.0501684959412074,-0.6941546556139823
2023-06-23,77.55000305175781,53.869998931884766,-1.1991317830003396,-0.1333627233402602
2023-06-26,77.79000091552734,53.79999923706055,-0.8568058049667826,0.08934261856734795
2023-06-27,79.13999938964844,54.68999862670898,-0.8078409920287299,0.10836736821997721
2023-06-28,79.37999725341797,54.84000015258789,-0.7871208453758243,0.10045560512622251
2023-06-29,80.19000244140625,54.84000015258789,0.022884342612456976,0.6481104329260755
2023-06-30,81.02999877929688,55.59999847412109,-0.2481126642765048,0.4457328969399934
2023-07-03,80.66999816894531,55.72499847412109,-0.7908428467372346,0.051019019679211686
2023-07-05,80.23999786376953,55.31999969482422,-0.6288011227477881,0.15562313589476395
2023-07-06,79.62999725341797,54.400001525878906,0.10608524092143057,0.6646450740298523
2023-07-07,79.55999755859375,54.59999847412109,-0.25627730810626304,0.399940967026846
2023-07-10,80.9000015258789,55.470001220703125,-0.18807517775501026,0.44266759858406246
2023-07-11,81.04000091552734,56.06999969482422,-0.9251755036449936,-0.08668114474304907
2023-07-12,81.41000366210938,56.72999954223633,-1.5199846747408259,-0.5130526486768209
2023-07-13,81.94999694824219,57.81999969482422,-2.5733934804585346,-1.2436907524023624
2023-07-14,81.80000305175781,57.25,-1.8901409742422146,-0.7469605852703959
2023-07-17,82.38999938964844,57.90999984741211,-2.264956554029453,-0.9931677406362768
2023-07-18,82.62999725341797,58.18000030517578,-2.4196552351914136,-1.0818151499882034
2023-07-19,82.33000183105469,58.2599983215332,-2.8365946839432894,-1.345216450874758
2023-07-20,81.20999908447266,56.93000030517578,-2.0123576830450247,-0.7571187910969351
2023-07-21,81.13999938964844,57.02999877929688,-2.228538804970981,-0.8896527134649621
2023-07-24,81.08000183105469,56.970001220703125,-2.200829737889279,-0.8540030553076202
2023-07-25,81.44000244140625,57.25,-2.250141584593777,-0.871242368754529
2023-07-26,81.20999908447266,57.27999877929688,-2.523998254365111,-1.0397888389425272
2023-07-27,80.30999755859375,57.0,-3.0146873231879425,-1.3491530083334473
2023-07-28,81.01000213623047,58.04999923706055,-3.8496100359754593,-1.8666998986106564
2023-07-31,81.41000366210938,58.43999862670898,-4.019723882842911,-1.9254961111663313
2023-08-01,81.38999938964844,58.09999847412109,-3.542703496108345,-1.5700722034493835
2023-08-02,80.2699966430664,56.29999923706055,-2.031401519611137,-0.5535760408923973
2023-08-03,79.97000122070312,56.20000076293945,-2.1852155148726666,-0.640893286517682
2023-08-04,79.08000183105469,55.900001525878906,-2.636665046751901,-0.9271817592963566
2023-08-07,79.83000183105469,56.11000061035156,-2.1936493895439497,-0.6129359018076285
2023-08-08,79.31999969482422,55.36000061035156,-1.6072740931194005,-0.20570173271328565
2023-08-09,78.9800033569336,55.130001068115234,-1.6110486875048196,-0.19994743670165208
2023-08-10,79.0,55.16999816894531,-1.6495212694007222,-0.22000388879767405
2023-08-11,78.80999755859375,54.720001220703125,-1.1817017123851485,0.10685785621404184
2023-08-14,79.62000274658203,55.09000015258789,-0.9125744964300964,0.293625351810789
2023-08-15,78.91000366210938,54.34000015258789,-0.5261961482477346,0.55692505147874
2023-08-16,78.20999908447266,53.619998931884766,-0.17367660606714708,0.7885623260944115
2023-08-17,77.05999755859375,52.93999862670898,-0.3296288135550327,0.6777489905410612
2023-08-18,77.48999786376953,52.91999816894531,0.12960889233387718,0.9865177852527883
2023-08-21,78.02999877929688,53.36000061035156,0.02639814509998928,0.9147110038625224
2023-08-22,78.08000183105469,53.34000015258789,0.10563859757094463,0.961418780064611
2023-08-23,79.30000305175781,54.11000061035156,0.2000249849059088,1.0139952693214054
2023-08-24,77.9800033569336,53.040000915527344,0.4441899812190684,1.160605432091063
2023-08-25,78.69000244140625,53.66999816894531,0.23323603731557796,1.0118077114463275
2023-08-28,79.36000061035156,53.97999954223633,0.4500628599031131,1.1373791638724966
2023-08-29,80.80000305175781,55.09999847412109,0.2528098966211161,0.9955091016491618
2023-08-30,81.23999786376953,55.27000045776367,0.4442895908030806,1.103548546765214
2023-08-31,81.25,55.41999816894531,0.23501958638094322,0.9546992773270313
2023-09-01,81.7699966430664,55.65999984741211,0.4041729973535837,1.0543978983017641
2023-09-05,80.7699966430664,55.43999862670898,-0.2742211712657934,0.6110170167943527
2023-09-06,80.63999938964844,55.150001525878906,0.019709944496867138,0.791357052966443
2023-09-07,80.37999725341797,54.59000015258789,0.5783382988425245,1.1362043848105439
2023-09-08,80.23999786376953,54.400001525878906,0.7160858512729931,1.2109948683968446
2023-09-11,80.30000305175781,54.959999084472656,-0.0425338748508608,0.7286069989104756
2023-09-12,79.66000366210938,54.43000030517578,0.09223833677511095,0.8166468486092386
2023-09-13,79.44999694824219,54.22999954223633,0.17460005357538932,0.8816752778220125
2023-09-14,80.08999633789062,54.66999816894531,0.1713933569265862,0.891422547293803
2023-09-15,79.0199966430664,54.0,0.08082149190479981,0.8502497305718132
2023-09-18,79.19000244140625,53.810001373291016,0.5285742323235496,1.1588159758265122
2023-09-19,79.12000274658203,53.59999847412109,0.765564456755385,1.3130809546174165
2023-09-20,78.3499984741211,53.150001525878906,0.6533821827162569,1.2359601190168907
2023-09-21,76.72000122070312,52.0,0.7044992232882521,1.275115318169724
2023-09-22,76.87000274658203,52.09000015258789,0.7229352341899897,1.302929408797764
2023-09-25,77.12999725341797,52.06999969482422,1.01216714173907,1.514187027944883
2023-09-26,76.0999984741211,51.2400016784668,1.1954898214858218,1.6434119157055729
2023-09-27,76.63999938964844,51.5099983215332,1.340799768545665,1.7155169430139992
2023-09-28,77.41999816894531,52.040000915527344,1.3460213701041397,1.691817375448344
2023-09-29,76.98999786376953,52.209999084472656,0.6675115235626095,1.2320565979644784
2023-10-02,76.5199966430664,51.77000045776367,0.8407163891567251,1.3360755451125366
2023-10-03,75.27999877929688,50.650001525878906,1.2379739300754409,1.5665280399429826
2023-10-04,75.62999725341797,51.13999938964844,0.8716756043484253,1.3108628603773387
2023-10-05,75.7300033569336,51.119998931884766,1.0009191085771931,1.3792762356479635
2023-10-06,76.97000122070312,52.15999984741211,0.7206055940470719,1.1841683774308072
2023-10-09,77.68000030517578,52.11000061035156,1.5036953920705969,1.643523497658426
2023-10-10,78.25,52.84000015258789,1.0065550549529405,1.3092132399038485
2023-10-11,78.7699966430664,53.04999923706055,1.2195673552272979,1.4150830485345893
2023-10-12,77.93000030517578,52.59000015258789,1.0520145043470563,1.2885277041182581
2023-10-13,77.12000274658203,51.869998931884766,1.2945410655706127,1.4042238028165617
2023-10-16,78.01000213623047,52.41999816894531,1.380531453231498,1.4232433241474038
2023-10-17,78.47000122070312,52.5099983215332,1.7089650227269857,1.5804482575009495
2023-10-18,76.83000183105469,51.290000915527344,1.8524024648685469,1.6236325396224591
2023-10-19,75.58999633789062,50.54999923706055,1.6941584922349193,1.496062638134861
2023-10-20,74.47000122070312,49.709999084472656,1.802106322679606,1.525021395574401
2023-10-23,74.22000122070312,49.63999938964844,1.6544344369436317,1.4155997377609266
2023-10-24,74.80999755859375,50.369998931884766,1.1772907428923673,1.1210183394701323
2023-10-25,73.5999984741211,48.84000015258789,2.203899836567487,1.697467322982277
2023-10-26,73.2699966430664,48.43000030517578,2.4732507789723144,1.82166575116943
2023-10-27,72.94999694824219,48.209999084472656,2.4748569155287186,1.7904266014289063
2023-10-30,73.23999786376953,48.459999084472656,2.3993986868377135,1.7016989853188902
2023-10-31,73.56999969482422,49.0,1.940007428029432,1.401125035704597
