,base_asset,compare_asset,label
224,IEF,LDSF,0
241,IEI,VTC,0
240,IEI,VMBS,0
239,IEI,VGSH,0
238,IEI,VCIT,0
237,IEI,UITB,0
236,IEI,SUSB,0
235,IEI,SLQD,0
234,IEI,SKOR,0
242,IEI,VWOB,0
233,IEI,MBB,0
231,IEI,LDSF,0
230,IEI,IUSB,0
229,IEI,IGIB,0
228,IEF,VWOB,0
227,IEF,VMBS,0
226,IEF,MBB,0
225,IEF,LMBS,0
448,VTC,VWOB,0
232,IEI,LMBS,0
223,IEF,IUSB,0
243,IGIB,IGOV,0
245,IGIB,LDSF,0
263,IGOV,VTC,0
262,IGOV,VCSH,0
261,IGOV,VCIT,0
260,IGOV,SUSC,0
259,IGOV,SUSB,0
258,IGOV,SLQD,0
257,IGOV,SKOR,0
256,IGOV,LDSF,0
244,IGIB,ISHG,0
255,IGOV,ISTB,0
253,IGIB,VWOB,0
252,IGIB,VTC,0
251,IGIB,VGSH,0
250,IGIB,UITB,0
249,IGIB,SUSC,0
248,IGIB,SUSB,0
247,IGIB,SLQD,0
246,IGIB,SHY,0
254,IGOV,IGSB,0
222,HYZD,WINC,0
221,HYZD,VTIP,0
220,HYZD,VTC,0
196,HYXF,VTC,0
195,HYXF,VGSH,0
194,HYXF,VGIT,0
193,HYXF,VCIT,0
192,HYXF,USTB,0
191,HYXF,UITB,0
190,HYXF,SUSC,0
189,HYXF,SKOR,0
197,HYZD,IEF,0
188,HYXF,SHY,0
186,HYXF,ISHG,0
185,HYXF,IGOV,0
184,HYXF,IGIB,0
183,HYXF,IEI,0
182,HYXF,IEF,0
181,HYLS,VGSH,0
180,HYLS,USTB,0
179,HYLS,UITB,0
187,HYXF,IUSB,0
198,HYZD,IEI,0
199,HYZD,IGIB,0
200,HYZD,IGOV,0
219,HYZD,VRIG,0
218,HYZD,VMBS,0
217,HYZD,VGSH,0
216,HYZD,VGIT,0
215,HYZD,VCSH,0
214,HYZD,VCIT,0
213,HYZD,USTB,0
212,HYZD,UITB,0
211,HYZD,SUSC,0
210,HYZD,SUSB,0
209,HYZD,SLQD,0
208,HYZD,SKOR,0
207,HYZD,SHY,0
206,HYZD,MFLX,0
205,HYZD,MBB,0
204,HYZD,IUSB,0
203,HYZD,ISTB,0
202,HYZD,ISHG,0
201,HYZD,IGSB,0
264,IGOV,VWOB,0
178,HYLS,SUSC,0
265,IGSB,ISHG,0
267,IGSB,SKOR,0
424,SUSB,VGSH,0
423,SUSB,VCSH,0
422,SUSB,USTB,0
419,SLQD,VWOB,0
418,SLQD,VGSH,0
417,SLQD,VGIT,0
416,SLQD,VCIT,0
415,SLQD,USTB,0
425,SUSB,VWOB,0
414,SLQD,UITB,0
412,SKOR,VGSH,0
411,SKOR,UITB,0
410,SKOR,SUSB,0
409,SKOR,SLQD,0
408,SHY,VWOB,0
407,SHY,VTC,0
406,SHY,VMBS,0
405,SHY,VCSH,0
413,SKOR,VWOB,0
404,SHY,VCIT,0
426,SUSC,UITB,0
428,SUSC,VCIT,0
447,VRIG,VTIP,0
446,VGSH,VWOB,0
445,VGSH,VTC,0
444,VGIT,VWOB,0
443,VCSH,VWOB,0
442,VCSH,VGSH,0
441,VCIT,VWOB,0
440,VCIT,VTC,0
427,SUSC,USTB,0
439,VCIT,VGSH,0
437,USTB,VWOB,0
436,USTB,VTC,0
435,USTB,VCSH,0
433,UITB,VWOB,0
432,UITB,VTC,0
431,SUSC,VWOB,0
430,SUSC,VTC,0
429,SUSC,VGSH,0
438,VCIT,VCSH,0
403,SHY,UITB,0
402,SHY,SUSC,0
401,SHY,SUSB,0
305,ISTB,SUSB,0
304,ISTB,SLQD,0
303,ISTB,SHY,0
302,ISTB,LDSF,0
300,ISHG,WINC,0
299,ISHG,VWOB,0
298,ISHG,VCSH,0
297,ISHG,VCIT,0
306,ISTB,VGSH,0
296,ISHG,USTB,0
294,ISHG,SLQD,0
293,ISHG,SKOR,0
292,ISHG,LDSF,0
272,IGSB,VWOB,0
271,IGSB,VCSH,0
270,IGSB,VCIT,0
269,IGSB,USTB,0
268,IGSB,SUSB,0
295,ISHG,SUSB,0
307,ISTB,VWOB,0
312,IUSB,LDSF,0
313,IUSB,SHY,0
400,SHY,SLQD,0
399,SHY,SKOR,0
344,MBB,SHY,0
343,LMBS,VGSH,0
342,LMBS,VGIT,0
341,LMBS,SHY,0
337,LDSF,VTC,0
336,LDSF,VMBS,0
335,LDSF,VGSH,0
334,LDSF,VGIT,0
333,LDSF,VCIT,0
332,LDSF,UITB,0
331,LDSF,SUSC,0
330,LDSF,SKOR,0
329,LDSF,SHY,0
328,LDSF,MBB,0
316,IUSB,VGSH,0
315,IUSB,VGIT,0
314,IUSB,UITB,0
266,IGSB,SHY,0
177,HYLS,SHY,0
449,VTIP,WINC,0
175,HYLS,IGOV,0
69,BNDX,VTC,0
68,BNDX,VGSH,0
67,BNDX,VCSH,0
66,BNDX,SUSC,0
65,BNDX,SUSB,0
176,HYLS,ISHG,0
63,BNDX,SKOR,0
70,BNDX,VWOB,0
62,BNDX,SHY,0
60,BNDX,ISTB,0
59,BNDX,IGSB,0
58,BNDX,IGIB,0
57,BNDX,IEI,0
56,BNDX,HYXF,0
55,BNDX,BSCS,0
54,BNDX,BSCR,0
61,BNDX,LDSF,0
71,BSCN,IGOV,0
72,BSCN,ISHG,0
73,BSCN,USTB,0
90,BSCQ,IGSB,0
89,BSCQ,IGOV,0
88,BSCQ,HYXF,0
87,BSCP,VWOB,0
86,BSCP,USTB,0
85,BSCP,ISHG,0
84,BSCP,IGOV,0
83,BSCP,HYXF,0
82,BSCP,BSCT,0
81,BSCP,BSCS,0
80,BSCO,VWOB,0
79,BSCO,USTB,0
78,BSCO,SHV,0
77,BSCO,ISHG,0
76,BSCO,IGOV,0
75,BSCO,HYXF,0
74,BSCO,HYLS,0
53,BNDW,VWOB,0
52,BNDW,VTC,0
51,BNDW,VGSH,0
50,BNDW,VGIT,0
28,BGRN,LDSF,0
27,BGRN,IGIB,0
26,BGRN,IEI,0
25,BGRN,HYXF,0
24,BGRN,HYLS,0
23,BGRN,BSCT,0
22,BGRN,BSCR,0
21,ANGL,HISF,0
20,ANGL,BSJP,0
19,ANGL,BSJN,0
18,AGZD,VTIP,0
17,AGZD,VGSH,0
16,AGZD,VGIT,0
15,AGZD,SHY,0
14,AGZD,IGOV,0
13,AGZD,IEI,0
12,AGZD,IEF,0
29,BGRN,SHY,0
91,BSCQ,ISHG,0
30,BGRN,SKOR,0
32,BGRN,SUSB,0
49,BNDW,SUSB,0
48,BNDW,SLQD,0
47,BNDW,SHY,0
46,BNDW,LDSF,0
45,BNDW,IUSB,0
44,BNDW,IEI,0
43,BND,VWOB,0
42,BND,VGSH,0
41,BND,SHY,0
40,BND,LDSF,0
39,BND,IEI,0
38,BGRN,VWOB,0
37,BGRN,VTC,0
36,BGRN,VCSH,0
35,BGRN,VCIT,0
34,BGRN,UITB,0
33,BGRN,SUSC,0
31,BGRN,SLQD,0
92,BSCQ,USTB,0
64,BNDX,SLQD,0
94,BSCQ,VCSH,0
129,BSJN,IGIB,0
128,BSJN,IEI,0
127,BSJN,IEF,0
126,BSJN,HYXF,0
154,BSJO,SHY,0
155,BSJO,USTB,0
156,BSJO,VTIP,0
157,BSJO,WINC,0
158,BSJP,ISHG,0
159,BSJP,MFLX,0
160,BSJP,USTB,0
161,BSJP,VTIP,0
162,BSJP,WINC,0
125,BSJN,HYLS,0
124,BSJN,HNDL,0
123,BSJN,BSJP,0
122,BSJN,BSJO,0
121,BSCT,VWOB,0
93,BSCQ,VCIT,0
130,BSJN,IGOV,0
120,BSCT,VGSH,0
131,BSJN,IGSB,0
133,BSJN,ISTB,0
141,BSJN,UITB,0
142,BSJN,USTB,0
143,BSJN,VCIT,0
144,BSJN,VCSH,0
145,BSJN,VGIT,0
146,BSJN,VGSH,0
147,BSJN,VMBS,0
148,BSJN,VTC,0
149,BSJN,VTIP,0
150,BSJN,VWOB,0
139,BSJN,SUSB,0
138,BSJN,SKOR,0
137,BSJN,SHY,0
136,BSJN,MFLX,0
151,BSJN,WINC,0
152,BSJO,ISHG,0
153,BSJO,MFLX,0
135,BSJN,MBB,0
134,BSJN,IUSB,0
132,BSJN,ISHG,0
119,BSCT,VCIT,0
140,BSJN,SUSC,0
117,BSCT,SHY,0
171,HNDL,SHY,0
172,HNDL,WINC,0
118,BSCT,UITB,0
174,HYLS,IEI,0
105,BSCS,HYXF,0
104,BSCS,BSCT,0
103,BSCR,VWOB,0
102,BSCR,VGSH,0
101,BSCR,USTB,0
100,BSCR,SUSB,0
99,BSCR,SHY,0
98,BSCR,ISHG,0
97,BSCR,HYXF,0
96,BSCR,HYLS,0
95,BSCQ,VWOB,0
170,HNDL,IEI,0
168,HISF,VTIP,0
173,HYLS,HYXF,0
115,BSCT,ISHG,0
107,BSCS,ISHG,0
108,BSCS,SHY,0
109,BSCS,SUSB,0
116,BSCT,LDSF,0
110,BSCS,UITB,0
111,BSCS,USTB,0
112,BSCS,VGSH,0
106,BSCS,IGOV,0
167,HISF,MFLX,0
114,BSCT,HYXF,0
113,BSCS,VWOB,0
392,RTH,SDVY,1
395,RTH,VONE,1
394,RTH,USVM,1
396,RTH,VONV,1
380,PY,ULVM,1
382,PYZ,RNMC,1
383,PYZ,RNSC,1
384,PYZ,ULVM,1
385,PYZ,VONV,1
386,RDVY,RNLC,1
387,RDVY,RNMC,1
388,RDVY,VONV,1
389,RNLC,VONV,1
390,RNMC,SQLV,1
397,RTH,VTHR,1
398,SDG,VTWG,1
391,RNSC,USVM,1
381,PYZ,RDVY,1
393,RTH,SQLV,1
421,SQLV,VONV,1
379,PY,SQLV,1
1,ACWI,ONEQ,1
2,ACWI,QQEW,1
3,AGNG,JSMD,1
4,AGNG,JSML,1
5,AGNG,LEGR,1
6,AGNG,PEZ,1
7,AGNG,PIO,1
8,AGNG,PSL,1
9,AGNG,ROBT,1
10,AGNG,SNSR,1
11,AGNG,XT,1
434,ULVM,VONV,1
169,HLAL,NFTY,1
166,HERD,YLDE,1
165,HERD,PSCC,1
164,HERD,PFM,1
163,HERD,NFTY,1
420,SQLV,ULVM,1
378,PY,PYZ,1
355,NXTG,PFI,1
376,PSCT,SDVY,1
291,INDY,VTHR,1
301,ISHP,MILN,1
308,IUS,IUSV,1
309,IUS,NFTY,1
310,IUS,PPH,1
311,IUS,VSMV,1
290,INDY,VONE,1
317,IUSV,PPH,1
319,JSMD,PEZ,1
320,JSML,ROBT,1
321,KBWP,PPH,1
322,KNGZ,PY,1
323,KNGZ,PYZ,1
324,KNGZ,SQLV,1
318,IUSV,PSCC,1
325,KNGZ,ULVM,1
289,INDY,USVM,1
287,INDY,RNMC,1
273,IJT,WOOD,1
274,IMCV,KNGZ,1
275,IMCV,PSCM,1
276,IMCV,PY,1
277,IMCV,PYZ,1
278,IMCV,SQLV,1
288,INDY,RTH,1
279,IMCV,ULVM,1
281,INDY,PHO,1
282,INDY,PRFZ,1
283,INDY,PRN,1
284,INDY,PSC,1
285,INDY,PSCT,1
286,INDY,RNLC,1
280,INDY,KRMA,1
377,PSET,YLDE,1
326,KNGZ,VONV,1
338,LEGR,NXTG,1
362,PFM,SQLV,1
363,PHO,PKW,1
364,PPH,PSCC,1
365,PPH,VSMV,1
366,PRFZ,PSC,1
367,PRFZ,PSCT,1
361,PFM,PSCC,1
368,PRFZ,PYZ,1
370,PRN,QQEW,1
371,PSC,PSCT,1
372,PSC,USVM,1
373,PSCC,PSCI,1
374,PSCC,PSCM,1
375,PSCT,RNSC,1
369,PRFZ,USVM,1
327,KRMA,RTH,1
360,PEZ,XT,1
358,PEZ,ROBT,1
339,LEGR,NZAC,1
340,LEGR,SNSR,1
345,NFTY,PFM,1
346,NFTY,PHO,1
347,NFTY,PKW,1
348,NFTY,PSCI,1
359,PEZ,SDG,1
349,NFTY,PSET,1
351,NFTY,VSDA,1
352,NFTY,VSMV,1
353,NFTY,YLDE,1
354,NXTG,NZAC,1
356,PDP,ROBT,1
357,PDP,XT,1
350,NFTY,RNLC,1
0,ACWI,NXTG,1
